"ID","Description","setSize","enrichmentScore","NES","pvalue","p.adjust","qvalue","rank","leading_edge","core_enrichment","log2err"
"REACTOME_G_ALPHA_Z_SIGNALLING_EVENTS","G_ALPHA_Z_SIGNALLING_EVENTS",27,0.69361546331012,2.21556133168988,1.15853962729366e-05,0.00637196795011512,0.00637196795011512,238,"tags=48%, list=10%, signal=44%","ADCY5/ADCY8/ADCY2/ADCY3/ADCY7/ADRA2A/GNB2/ADCY1/GNG3/ADRA2B/GNAS/ADCY6/ADRA2C",0.593325476396405
"REACTOME_ADENYLATE_CYCLASE_INHIBITORY_PATHWAY","ADENYLATE_CYCLASE_INHIBITORY_PATHWAY",12,0.813410861560405,2.12727930718441,4.04219000990638e-05,0.00666217799020146,0.00666217799020146,201,"tags=58%, list=8%, signal=54%","ADCY5/ADCY8/ADCY2/ADCY3/ADCY7/ADCY1/ADCY6",0.557332238758646
"REACTOME_GLUCAGON_SIGNALING_IN_METABOLIC_REGULATION","GLUCAGON_SIGNALING_IN_METABOLIC_REGULATION",20,0.719427021978584,2.12431227495941,3.7130751652819e-05,0.00666217799020146,0.00666217799020146,201,"tags=50%, list=8%, signal=46%","ADCY5/ADCY8/ADCY2/ADCY3/ADCY7/GNB2/ADCY1/GNG3/GNAS/ADCY6",0.557332238758646
"REACTOME_ADORA2B_MEDIATED_ANTI_INFLAMMATORY_CYTOKINES_PRODUCTION","ADORA2B_MEDIATED_ANTI_INFLAMMATORY_CYTOKINES_PRODUCTION",26,0.668583305036311,2.0815392720963,4.84522035651015e-05,0.00666217799020146,0.00666217799020146,206,"tags=42%, list=8%, signal=39%","ADCY5/ADCY8/ADCY2/ADCY3/ADCY7/GNB2/ADCY1/GNG3/GNAS/ADCY6/ADORA2B",0.557332238758646
"REACTOME_HIGH_LAMINAR_FLOW_SHEAR_STRESS_ACTIVATES_SIGNALING_BY_PIEZO1_AND_PECAM1_CDH5_KDR_IN_ENDOTHELIAL_CELLS","HIGH_LAMINAR_FLOW_SHEAR_STRESS_ACTIVATES_SIGNALING_BY_PIEZO1_AND_PECAM1_CDH5_KDR_IN_ENDOTHELIAL_CELLS",32,0.594610608029741,1.97340737853006,0.000145704523827844,0.0133562480175524,0.0133562480175524,324,"tags=44%, list=13%, signal=39%","ADCY5/ADCY8/ADCY2/ADCY3/ADCY7/GNB2/ADM/ADCY1/AKT1/GNG3/GNAS/ADCY6/FYN/FLT4",0.518848077743792
"REACTOME_GPER1_SIGNALING","GPER1_SIGNALING",26,0.63383100849647,1.97334292693138,0.000231911170756767,0.0182215919880317,0.0182215919880317,201,"tags=38%, list=8%, signal=36%","ADCY5/ADCY8/ADCY2/ADCY3/ADCY7/GNB2/ADCY1/GNG3/GNAS/ADCY6",0.518848077743792
"REACTOME_PKA_MEDIATED_PHOSPHORYLATION_OF_CREB","PKA_MEDIATED_PHOSPHORYLATION_OF_CREB",10,0.806239282748995,1.96475914802227,0.000520881501992286,0.0238737355079798,0.0238737355079798,201,"tags=70%, list=8%, signal=65%","ADCY5/ADCY8/ADCY2/ADCY3/ADCY7/ADCY1/ADCY6",0.477270815362862
"REACTOME_CA_DEPENDENT_EVENTS","CA_DEPENDENT_EVENTS",16,0.695133376878597,1.9504573345926,0.000486000170189526,0.0238737355079798,0.0238737355079798,201,"tags=50%, list=8%, signal=46%","ADCY5/ADCY8/ADCY2/ADCY3/ADCY7/GRK2/ADCY1/ADCY6",0.49849310876659
"REACTOME_DAG_AND_IP3_SIGNALING","DAG_AND_IP3_SIGNALING",16,0.695133376878597,1.9504573345926,0.000486000170189526,0.0238737355079798,0.0238737355079798,201,"tags=50%, list=8%, signal=46%","ADCY5/ADCY8/ADCY2/ADCY3/ADCY7/GRK2/ADCY1/ADCY6",0.49849310876659
"REACTOME_GABA_B_RECEPTOR_ACTIVATION","GABA_B_RECEPTOR_ACTIVATION",24,0.636685491075005,1.93779864347501,0.000409889895327911,0.0238737355079798,0.0238737355079798,201,"tags=38%, list=8%, signal=35%","ADCY5/ADCY8/ADCY2/ADCY3/ADCY7/GNB2/ADCY1/GNG3/ADCY6",0.49849310876659
"REACTOME_FCGR3A_MEDIATED_IL10_SYNTHESIS","FCGR3A_MEDIATED_IL10_SYNTHESIS",18,0.666756257395933,1.8931676894168,0.00090259081940511,0.0310265594170507,0.0310265594170507,287,"tags=50%, list=11%, signal=45%","ADCY5/ADCY8/ADCY2/ADCY3/ADCY7/ADCY1/ADCY6/CD247/FYN",0.477270815362862
"REACTOME_G_ALPHA_S_SIGNALLING_EVENTS","G_ALPHA_S_SIGNALLING_EVENTS",66,0.492674732761853,1.8856768493069,9.46793550270114e-05,0.0104147290529713,0.0104147290529713,439,"tags=41%, list=18%, signal=35%","ADCY5/ADCY8/ADCY2/ADCY3/ADCY7/GRK2/ADRB3/GNB2/ADM/ADCY1/GNG3/GNAS/ADCY6/ADORA2A/GRK3/ADORA2B/GPR27/CGA/CRHR1/GPR32/GRK5/ADCYAP1/GLP1R/GPR39/GPER1/ADCY9/ADCYAP1R1",0.538434096309916
"REACTOME_GABA_RECEPTOR_ACTIVATION","GABA_RECEPTOR_ACTIVATION",37,0.552487611974148,1.87568431866493,0.000798606993712715,0.0310265594170507,0.0310265594170507,201,"tags=27%, list=8%, signal=25%","ADCY5/ADCY8/ADCY2/ADCY3/ADCY7/GABRG3/GNB2/ADCY1/GNG3/ADCY6",0.477270815362862
"REACTOME_INTEGRATION_OF_ENERGY_METABOLISM","INTEGRATION_OF_ENERGY_METABOLISM",45,0.506352668366523,1.78560229215482,0.000882294689621866,0.0310265594170507,0.0310265594170507,433,"tags=40%, list=17%, signal=34%","ACACA/ADCY5/ADCY8/ADCY2/ADCY3/ADCY7/ADRA2A/GNB2/ADCY1/GNG3/ACACB/GNAS/ADCY6/ADRA2C/ACLY/GLP1R/CACNB3/ADCY9",0.477270815362862
"REACTOME_BIOLOGICAL_OXIDATIONS","BIOLOGICAL_OXIDATIONS",84,0.438846132716936,1.7548193431287,0.000501640134597955,0.0238737355079798,0.0238737355079798,253,"tags=25%, list=10%, signal=23%","ADH1B/AADAC/AOC1/AHCY/NAT2/ALDH1A1/ACY1/NAT1/ADH7/ADH4/EPHX1/ALDH2/GSTA3/ADH6/CYP51A1/FMO2/ADH5/CYP3A7/BPHL/CYP1A2/ADH1C",0.477270815362862
"REACTOME_SIGNALING_BY_GPCR","SIGNALING_BY_GPCR",216,0.337118355805505,1.53929208055795,0.000778370727118244,0.0310265594170507,0.0310265594170507,510,"tags=32%, list=20%, signal=28%","ADCY5/ADCY8/ADCY2/AKT2/ADCY3/ADCY7/GRK2/EDNRB/ADRB3/ADRA1B/ADORA1/ADRA2A/APLNR/GNB2/ADM/ABR/ADCY1/AKT1/AGT/F2RL2/GNG3/ADORA3/ADRA2B/GNAS/AGTR1/ADCY6/ADORA2A/GRK3/ADORA2B/GPR27/CGA/CMKLR1/GPR18/CRHR1/CDC42/GPR32/ADRA2C/GNAT2/GRK5/GRPR/HCRTR1/ADCYAP1/GLP1R/GPR35/FFAR2/F2/GABBR1/ACKR1/CAMK2G/GPR39/ADRA1A/DGKQ/GPER1/GRB2/ADCY9/ADCYAP1R1/S1PR3/GHSR/CCR6/CCR7/CCR1/RHOC/BDKRB1/UTS2R/ADRB2/AGTR2/EDN2/DAGLA/F2RL1/C3",0.477270815362862
